<?xml version="1.0" encoding="utf-8" standalone="no"?>
<application xmlns="http://ns.adobe.com/air/application/15.0">
	<id>Zoe</id>
	<filename>Zoe</filename>
	<name>Zoë</name>
	<versionNumber>0.5.1</versionNumber>
	
	<initialWindow>
		<content>Zoe.swf</content>
		<minSize>750 430</minSize>
		<autoOrients>false</autoOrients>
	    <fullScreen>false</fullScreen>
	    <visible>true</visible>
  </initialWindow>
  
	<icon>
		<image16x16>icons/16x16.png</image16x16>
		<image32x32>icons/32x32.png</image32x32>
		<image48x48>icons/48x48.png</image48x48>
		<image128x128>icons/128x128.png</image128x128>
	</icon> 
  
</application>
